{
    "name": "root",
    "gauges": {
        "Move.Policy.Entropy.mean": {
            "value": 1.470929741859436,
            "min": 1.2963587045669556,
            "max": 1.5298538208007812,
            "count": 3
        },
        "Move.Policy.Entropy.sum": {
            "value": 14679.87890625,
            "min": 13637.693359375,
            "max": 15237.34375,
            "count": 3
        },
        "Move.Environment.EpisodeLength.mean": {
            "value": 21.382488479262673,
            "min": 10.819389110225764,
            "max": 21.382488479262673,
            "count": 3
        },
        "Move.Environment.EpisodeLength.sum": {
            "value": 9280.0,
            "min": 8147.0,
            "max": 9884.0,
            "count": 3
        },
        "Move.Step.mean": {
            "value": 29993.0,
            "min": 9988.0,
            "max": 29993.0,
            "count": 3
        },
        "Move.Step.sum": {
            "value": 29993.0,
            "min": 9988.0,
            "max": 29993.0,
            "count": 3
        },
        "Move.Policy.ExtrinsicValueEstimate.mean": {
            "value": -519.8834838867188,
            "min": -519.8834838867188,
            "max": -111.95068359375,
            "count": 3
        },
        "Move.Policy.ExtrinsicValueEstimate.sum": {
            "value": -276578.0,
            "min": -276578.0,
            "max": -89448.59375,
            "count": 3
        },
        "Move.Environment.CumulativeReward.mean": {
            "value": -579.326993682368,
            "min": -579.326993682368,
            "max": -124.81285869299495,
            "count": 3
        },
        "Move.Environment.CumulativeReward.sum": {
            "value": -250848.58826446533,
            "min": -250848.58826446533,
            "max": -93984.0825958252,
            "count": 3
        },
        "Move.Policy.ExtrinsicReward.mean": {
            "value": -579.326993682368,
            "min": -579.326993682368,
            "max": -124.81285869299495,
            "count": 3
        },
        "Move.Policy.ExtrinsicReward.sum": {
            "value": -250848.58826446533,
            "min": -250848.58826446533,
            "max": -93984.0825958252,
            "count": 3
        },
        "Move.Losses.PolicyLoss.mean": {
            "value": 0.24469697152872805,
            "min": 0.24467718530793028,
            "max": 0.24654198090026527,
            "count": 3
        },
        "Move.Losses.PolicyLoss.sum": {
            "value": 17.862878921597147,
            "min": 17.862878921597147,
            "max": 20.308206380558214,
            "count": 3
        },
        "Move.Losses.ValueLoss.mean": {
            "value": 179811.35110901823,
            "min": 9383.991984772805,
            "max": 179811.35110901823,
            "count": 3
        },
        "Move.Losses.ValueLoss.sum": {
            "value": 13126228.63095833,
            "min": 778871.3347361428,
            "max": 13126228.63095833,
            "count": 3
        },
        "Move.Policy.LearningRate.mean": {
            "value": 0.0002985075152920156,
            "min": 0.0002985075152920156,
            "max": 0.00029970523889343443,
            "count": 3
        },
        "Move.Policy.LearningRate.sum": {
            "value": 0.021791048616317137,
            "min": 0.021791048616317137,
            "max": 0.024875534828155056,
            "count": 3
        },
        "Move.Policy.Epsilon.mean": {
            "value": 0.19950250493150684,
            "min": 0.19950250493150684,
            "max": 0.1999017462650603,
            "count": 3
        },
        "Move.Policy.Epsilon.sum": {
            "value": 14.56368286,
            "min": 14.56368286,
            "max": 16.591844940000005,
            "count": 3
        },
        "Move.Policy.Beta.mean": {
            "value": 0.0005,
            "min": 0.0005,
            "max": 0.0005000000000000001,
            "count": 3
        },
        "Move.Policy.Beta.sum": {
            "value": 0.036500000000000005,
            "min": 0.036500000000000005,
            "max": 0.04150000000000001,
            "count": 3
        },
        "Move.IsTraining.mean": {
            "value": 1.0,
            "min": 1.0,
            "max": 1.0,
            "count": 3
        },
        "Move.IsTraining.sum": {
            "value": 1.0,
            "min": 1.0,
            "max": 1.0,
            "count": 3
        }
    },
    "metadata": {
        "timer_format_version": "0.1.0",
        "start_time_seconds": "1682373754",
        "python_version": "3.8.10 (tags/v3.8.10:3d8993a, May  3 2021, 11:48:03) [MSC v.1928 64 bit (AMD64)]",
        "command_line_arguments": "D:\\unibuc\\OneDrive - unibuc.ro\\Anul3\\Sem2\\PAS\\Proiect\\venv\\Scripts\\mlagents-learn .\\Assets\\config\\moveConfig.yaml --initialize-from=Parameters_Move5 --run-id=Parameters_Move13",
        "mlagents_version": "0.29.0",
        "mlagents_envs_version": "0.29.0",
        "communication_protocol_version": "1.5.0",
        "pytorch_version": "2.0.0+cpu",
        "numpy_version": "1.21.2",
        "end_time_seconds": "1682373827"
    },
    "total": 73.2096166,
    "count": 1,
    "self": 0.00789019999999141,
    "children": {
        "run_training.setup": {
            "total": 0.16665289999999988,
            "count": 1,
            "self": 0.16665289999999988
        },
        "TrainerController.start_learning": {
            "total": 73.03507350000001,
            "count": 1,
            "self": 0.07185090000010064,
            "children": {
                "TrainerController._reset_env": {
                    "total": 8.4402515,
                    "count": 1,
                    "self": 8.4402515
                },
                "TrainerController.advance": {
                    "total": 64.2757487999999,
                    "count": 2779,
                    "self": 0.059315099999892595,
                    "children": {
                        "env_step": {
                            "total": 22.392010599999907,
                            "count": 2779,
                            "self": 20.214948799999927,
                            "children": {
                                "SubprocessEnvManager._take_step": {
                                    "total": 2.140676799999973,
                                    "count": 2779,
                                    "self": 0.10418059999978091,
                                    "children": {
                                        "TorchPolicy.evaluate": {
                                            "total": 2.036496200000192,
                                            "count": 1541,
                                            "self": 0.5200480000001928,
                                            "children": {
                                                "TorchPolicy.sample_actions": {
                                                    "total": 1.5164481999999992,
                                                    "count": 1541,
                                                    "self": 1.5164481999999992
                                                }
                                            }
                                        }
                                    }
                                },
                                "workers": {
                                    "total": 0.03638500000000633,
                                    "count": 2778,
                                    "self": 0.0,
                                    "children": {
                                        "worker_root": {
                                            "total": 59.60015479999995,
                                            "count": 2778,