{
    "name": "root",
    "gauges": {
        "Move.Policy.Entropy.mean": {
            "value": 1.5020549297332764,
            "min": 1.1500531435012817,
            "max": 1.5020549297332764,
            "count": 7
        },
        "Move.Policy.Entropy.sum": {
            "value": 14930.42578125,
            "min": 11868.548828125,
            "max": 14930.42578125,
            "count": 7
        },
        "Move.Environment.EpisodeLength.mean": {
            "value": 15.652173913043478,
            "min": 7.55035335689046,
            "max": 21.098039215686274,
            "count": 7
        },
        "Move.Environment.EpisodeLength.sum": {
            "value": 9360.0,
            "min": 8343.0,
            "max": 9684.0,
            "count": 7
        },
        "Move.Step.mean": {
            "value": 69985.0,
            "min": 9998.0,
            "max": 69985.0,
            "count": 7
        },
        "Move.Step.sum": {
            "value": 69985.0,
            "min": 9998.0,
            "max": 69985.0,
            "count": 7
        },
        "Move.Policy.ExtrinsicValueEstimate.mean": {
            "value": -1534.798583984375,
            "min": -1534.798583984375,
            "max": -180.17999267578125,
            "count": 7
        },
        "Move.Policy.ExtrinsicValueEstimate.sum": {
            "value": -1034454.25,
            "min": -1034454.25,
            "max": -201080.875,
            "count": 7
        },
        "Move.Environment.CumulativeReward.mean": {
            "value": -1621.1249573801829,
            "min": -1621.1249573801829,
            "max": -202.26313038383998,
            "count": 7
        },
        "Move.Environment.CumulativeReward.sum": {
            "value": -967811.5995559692,
            "min": -967811.5995559692,
            "max": -218646.44394493103,
            "count": 7
        },
        "Move.Policy.ExtrinsicReward.mean": {
            "value": -1621.1249573801829,
            "min": -1621.1249573801829,
            "max": -202.26313038383998,
            "count": 7
        },
        "Move.Policy.ExtrinsicReward.sum": {
            "value": -967811.5995559692,
            "min": -967811.5995559692,
            "max": -218646.44394493103,
            "count": 7
        },
        "Move.Losses.PolicyLoss.mean": {
            "value": 0.24242231282157148,
            "min": 0.23853151666061972,
            "max": 0.24734080179517307,
            "count": 7
        },
        "Move.Losses.PolicyLoss.sum": {
            "value": 19.63620733854729,
            "min": 18.996149359984848,
            "max": 21.02396815258971,
            "count": 7
        },
        "Move.Losses.ValueLoss.mean": {
            "value": 815875.1261180418,
            "min": 5579.715156609919,
            "max": 815875.1261180418,
            "count": 7
        },
        "Move.Losses.ValueLoss.sum": {
            "value": 66085885.21556139,
            "min": 474275.7883118431,
            "max": 66085885.21556139,
            "count": 7
        },
        "Move.Policy.LearningRate.mean": {
            "value": 0.0002960966190789052,
            "min": 0.0002960966190789052,
            "max": 0.00029969880362981053,
            "count": 7
        },
        "Move.Policy.LearningRate.sum": {
            "value": 0.02398382614539132,
            "min": 0.0231893514702162,
            "max": 0.025474398308533895,
            "count": 7
        },
        "Move.Policy.Epsilon.mean": {
            "value": 0.19869887259259258,
            "min": 0.19869887259259258,
            "max": 0.19989960117647054,
            "count": 7
        },
        "Move.Policy.Epsilon.sum": {
            "value": 16.09460868,
            "min": 15.529783799999999,
            "max": 16.991466099999997,
            "count": 7
        },
        "Move.Policy.Beta.mean": {
            "value": 0.0005000000000000001,
            "min": 0.0005000000000000001,
            "max": 0.0005000000000000001,
            "count": 7
        },
        "Move.Policy.Beta.sum": {
            "value": 0.04050000000000001,
            "min": 0.03900000000000001,
            "max": 0.04250000000000001,
            "count": 7
        },
        "Move.IsTraining.mean": {
            "value": 1.0,
            "min": 1.0,
            "max": 1.0,
            "count": 7
        },
        "Move.IsTraining.sum": {
            "value": 1.0,
            "min": 1.0,
            "max": 1.0,
            "count": 7
        }
    },
    "metadata": {
        "timer_format_version": "0.1.0",
        "start_time_seconds": "1682373444",
        "python_version": "3.8.10 (tags/v3.8.10:3d8993a, May  3 2021, 11:48:03) [MSC v.1928 64 bit (AMD64)]",
        "command_line_arguments": "D:\\unibuc\\OneDrive - unibuc.ro\\Anul3\\Sem2\\PAS\\Proiect\\venv\\Scripts\\mlagents-learn .\\Assets\\config\\moveConfig.yaml --initialize-from=Parameters_Move5 --run-id=Parameters_Move12",
        "mlagents_version": "0.29.0",
        "mlagents_envs_version": "0.29.0",
        "communication_protocol_version": "1.5.0",
        "pytorch_version": "2.0.0+cpu",
        "numpy_version": "1.21.2",
        "end_time_seconds": "1682373668"
    },
    "total": 223.8692785,
    "count": 1,
    "self": 0.008085499999992862,
    "children": {
        "run_training.setup": {
            "total": 0.1742465000000002,
            "count": 1,
            "self": 0.1742465000000002
        },
        "TrainerController.start_learning": {
            "total": 223.6869465,
            "count": 1,
            "self": 0.1807526999994309,
            "children": {
                "TrainerController._reset_env": {
                    "total": 12.7926292,
                    "count": 1,
                    "self": 12.7926292
                },
                "TrainerController.advance": {
                    "total": 210.4991047000006,
                    "count": 7326,
                    "self": 0.16012889999979052,
                    "children": {
                        "env_step": {
                            "total": 106.61282360000025,
                            "count": 7326,
                            "self": 101.34629269999942,
                            "children": {
                                "SubprocessEnvManager._take_step": {
                                    "total": 5.165193800000489,
                                    "count": 7326,
                                    "self": 0.25654230000111156,
                                    "children": {
                                        "TorchPolicy.evaluate": {
                                            "total": 4.908651499999378,
                                            "count": 3667,
                                            "self": 1.2634821999998547,
                                            "children": {
                                                "TorchPolicy.sample_actions": {
                                                    "total": 3.645169299999523,
                                                    "count": 3667,
                                                    "self": 3.645169299999523
                                                }
                                            }
                                        }
                                    }
                                },
                                "workers": {
                                    "total": 0.1013371000003449,
                                    "count": 7325,
                                    "self": 0.0,
                                    "children": {
                                        "worker_root": {
                                            "total": 147.49030630000073,
                                            "count": 7325,
                                            "is_parallel": true,
                                            "self": 117.93960930000085,