{
    "name": "root",
    "gauges": {
        "Move.Policy.Entropy.mean": {
            "value": 1.0860199928283691,
            "min": 1.0860199928283691,
            "max": 1.1263339519500732,
            "count": 2
        },
        "Move.Policy.Entropy.sum": {
            "value": 10947.08203125,
            "min": 10947.08203125,
            "max": 11511.1328125,
            "count": 2
        },
        "Move.Environment.EpisodeLength.mean": {
            "value": 12.772079772079772,
            "min": 8.04516129032258,
            "max": 12.772079772079772,
            "count": 2
        },
        "Move.Environment.EpisodeLength.sum": {
            "value": 8966.0,
            "min": 8729.0,
            "max": 8966.0,
            "count": 2
        },
        "Move.Step.mean": {
            "value": 19994.0,
            "min": 9984.0,
            "max": 19994.0,
            "count": 2
        },
        "Move.Step.sum": {
            "value": 19994.0,
            "min": 9984.0,
            "max": 19994.0,
            "count": 2
        },
        "Move.Policy.ExtrinsicValueEstimate.mean": {
            "value": -441.9610290527344,
            "min": -441.9610290527344,
            "max": -158.8906707763672,
            "count": 2
        },
        "Move.Policy.ExtrinsicValueEstimate.sum": {
            "value": -341193.90625,
            "min": -341193.90625,
            "max": -174461.953125,
            "count": 2
        },
        "Move.Environment.CumulativeReward.mean": {
            "value": -479.1879313266803,
            "min": -479.1879313266803,
            "max": -172.68677156525786,
            "count": 2
        },
        "Move.Environment.CumulativeReward.sum": {
            "value": -336869.11572265625,
            "min": -336869.11572265625,
            "max": -187192.4603767395,
            "count": 2
        },
        "Move.Policy.ExtrinsicReward.mean": {
            "value": -479.1879313266803,
            "min": -479.1879313266803,
            "max": -172.68677156525786,
            "count": 2
        },
        "Move.Policy.ExtrinsicReward.sum": {
            "value": -336869.11572265625,
            "min": -336869.11572265625,
            "max": -187192.4603767395,
            "count": 2
        },
        "Move.Losses.PolicyLoss.mean": {
            "value": 0.2423816284384217,
            "min": 0.23928398763580355,
            "max": 0.2423816284384217,
            "count": 2
        },
        "Move.Losses.PolicyLoss.sum": {
            "value": 19.87529353195058,
            "min": 19.87529353195058,
            "max": 21.056990911950713,
            "count": 2
        },
        "Move.Losses.ValueLoss.mean": {
            "value": 56438.68730000275,
            "min": 6756.528452761302,
            "max": 56438.68730000275,
            "count": 2
        },
        "Move.Losses.ValueLoss.sum": {
            "value": 4627972.358600225,
            "min": 594574.5038429946,
            "max": 4627972.358600225,
            "count": 2
        },
        "Move.Policy.LearningRate.mean": {
            "value": 0.00029909941786116976,
            "min": 0.00029909941786116976,
            "max": 0.00029970299668991024,
            "count": 2
        },
        "Move.Policy.LearningRate.sum": {
            "value": 0.02452615226461592,
            "min": 0.02452615226461592,
            "max": 0.0263738637087121,
            "count": 2
        },
        "Move.Policy.Epsilon.mean": {
            "value": 0.19969980585365854,
            "min": 0.19969980585365854,
            "max": 0.19990099886363633,
            "count": 2
        },
        "Move.Policy.Epsilon.sum": {
            "value": 16.37538408,
            "min": 16.37538408,
            "max": 17.591287899999998,
            "count": 2
        },
        "Move.Policy.Beta.mean": {
            "value": 0.0005000000000000001,
            "min": 0.0005000000000000001,
            "max": 0.0005000000000000001,
            "count": 2
        },
        "Move.Policy.Beta.sum": {
            "value": 0.04100000000000001,
            "min": 0.04100000000000001,
            "max": 0.04400000000000001,
            "count": 2
        },
        "Move.IsTraining.mean": {
            "value": 1.0,
            "min": 1.0,
            "max": 1.0,
            "count": 2
        },
        "Move.IsTraining.sum": {
            "value": 1.0,
            "min": 1.0,
            "max": 1.0,
            "count": 2
        }
    },
    "metadata": {
        "timer_format_version": "0.1.0",
        "start_time_seconds": "1682373870",
        "python_version": "3.8.10 (tags/v3.8.10:3d8993a, May  3 2021, 11:48:03) [MSC v.1928 64 bit (AMD64)]",
        "command_line_arguments": "D:\\unibuc\\OneDrive - unibuc.ro\\Anul3\\Sem2\\PAS\\Proiect\\venv\\Scripts\\mlagents-learn .\\Assets\\config\\moveConfig.yaml --initialize-from=Parameters_Move5 --run-id=Parameters_Move14",
        "mlagents_version": "0.29.0",
        "mlagents_envs_version": "0.29.0",
        "communication_protocol_version": "1.5.0",
        "pytorch_version": "2.0.0+cpu",
        "numpy_version": "1.21.2",
        "end_time_seconds": "1682374000"
    },
    "total": 130.1043154,
    "count": 1,
    "self": 0.009084699999988288,
    "children": {
        "run_training.setup": {
            "total": 0.1638101999999999,
            "count": 1,
            "self": 0.1638101999999999
        },
        "TrainerController.start_learning": {
            "total": 129.9314205,
            "count": 1,
            "self": 0.0733677000001478,
            "children": {
                "TrainerController._reset_env": {
                    "total": 12.417798399999999,
                    "count": 1,
                    "self": 12.417798399999999
                },
                "TrainerController.advance": {
                    "total": 117.11923579999984,
                    "count": 2821,
                    "self": 0.06464799999994852,
                    "children": {
                        "env_step": {
                            "total": 80.45367539999998,
                            "count": 2821,
                            "self": 78.54510699999986,
                            "children": {
                                "SubprocessEnvManager._take_step": {
                                    "total": 1.869363799999876,
                                    "count": 2821,
                                    "self": 0.09721009999967656,
                                    "children": {
                                        "TorchPolicy.evaluate": {
                                            "total": 1.7721537000001994,
                                            "count": 1334,
                                            "self": 0.45149410000018264,
                                            "children": {
                                                "TorchPolicy.sample_actions": {
                                                    "total": 1.3206596000000168,
                                                    "count": 1334,
                                                    "self": 1.3206596000000168
                                                }
                                            }
                                        }
                                    }
                                },
                                "workers": {
                                    "total": 0.03920460000023773,
                                    "count": 2820,
                                    "self": 0.0,
                                    "children": {
                                        "worker_root": {
                                            "total": 53.92937620000001,
                                            "count": 2820,
                                            "is_parallel": true,
                                            "self": 41.99820239999996,