{
    "name": "root",
    "gauges": {
        "Move.Policy.Entropy.mean": {
            "value": 1.6731140613555908,
            "min": 1.6731140613555908,
            "max": 2.7394697666168213,
            "count": 11
        },
        "Move.Policy.Entropy.sum": {
            "value": 16831.52734375,
            "min": 16831.52734375,
            "max": 28230.96875,
            "count": 11
        },
        "Move.Environment.EpisodeLength.mean": {
            "value": 14.063253012048193,
            "min": 14.063253012048193,
            "max": 199.0,
            "count": 11
        },
        "Move.Environment.EpisodeLength.sum": {
            "value": 9338.0,
            "min": 9047.0,
            "max": 11058.0,
            "count": 11
        },
        "Move.Step.mean": {
            "value": 109988.0,
            "min": 9993.0,
            "max": 109988.0,
            "count": 11
        },
        "Move.Step.sum": {
            "value": 109988.0,
            "min": 9993.0,
            "max": 109988.0,
            "count": 11
        },
        "Move.Policy.ExtrinsicValueEstimate.mean": {
            "value": 24.969011306762695,
            "min": -5.247330665588379,
            "max": 24.969011306762695,
            "count": 11
        },
        "Move.Policy.ExtrinsicValueEstimate.sum": {
            "value": 16579.423828125,
            "min": -1259.359375,
            "max": 16579.423828125,
            "count": 11
        },
        "Move.Environment.CumulativeReward.mean": {
            "value": 26.779367622122706,
            "min": -9.182105315359015,
            "max": 26.779367622122706,
            "count": 11
        },
        "Move.Environment.CumulativeReward.sum": {
            "value": 17781.500101089478,
            "min": -1046.7600059509277,
            "max": 17781.500101089478,
            "count": 11
        },
        "Move.Policy.ExtrinsicReward.mean": {
            "value": 26.779367622122706,
            "min": -9.182105315359015,
            "max": 26.779367622122706,
            "count": 11
        },
        "Move.Policy.ExtrinsicReward.sum": {
            "value": 17781.500101089478,
            "min": -1046.7600059509277,
            "max": 17781.500101089478,
            "count": 11
        },
        "Move.Losses.PolicyLoss.mean": {
            "value": 0.24074106175873833,
            "min": 0.2402695340621239,
            "max": 0.2492137008326608,
            "count": 11
        },
        "Move.Losses.PolicyLoss.sum": {
            "value": 22.148177681803926,
            "min": 16.44492078751832,
            "max": 22.148177681803926,
            "count": 11
        },
        "Move.Losses.ValueLoss.mean": {
            "value": 1.6499978059615268,
            "min": 0.0019867658220335447,
            "max": 16.8344590016687,
            "count": 11
        },
        "Move.Losses.ValueLoss.sum": {
            "value": 151.79979814846047,
            "min": 0.1430471391864152,
            "max": 1498.2668511485144,
            "count": 11
        },
        "Move.Policy.LearningRate.mean": {
            "value": 0.00023698195578863044,
            "min": 0.00023698195578863044,
            "max": 0.0002971096009634667,
            "count": 11
        },
        "Move.Policy.LearningRate.sum": {
            "value": 0.021802339932554,
            "min": 0.018791405736198398,
            "max": 0.0221579427140196,
            "count": 11
        },
        "Move.Policy.Epsilon.mean": {
            "value": 0.17899397826086955,
            "min": 0.17899397826086955,
            "max": 0.19903653333333335,
            "count": 11
        },
        "Move.Policy.Epsilon.sum": {
            "value": 16.467446,
            "min": 13.066104799999998,
            "max": 16.471554200000003,
            "count": 11
        },
        "Move.Policy.Beta.mean": {
            "value": 0.0005000000000000001,
            "min": 0.0005,
            "max": 0.0005000000000000001,
            "count": 11
        },
        "Move.Policy.Beta.sum": {
            "value": 0.04600000000000001,
            "min": 0.0335,
            "max": 0.04600000000000001,
            "count": 11
        },
        "Move.IsTraining.mean": {
            "value": 1.0,
            "min": 1.0,
            "max": 1.0,
            "count": 11
        },
        "Move.IsTraining.sum": {
            "value": 1.0,
            "min": 1.0,
            "max": 1.0,
            "count": 11
        }
    },
    "metadata": {
        "timer_format_version": "0.1.0",
        "start_time_seconds": "1682357392",
        "python_version": "3.8.10 (tags/v3.8.10:3d8993a, May  3 2021, 11:48:03) [MSC v.1928 64 bit (AMD64)]",
        "command_line_arguments": "D:\\unibuc\\OneDrive - unibuc.ro\\Anul3\\Sem2\\PAS\\Proiect\\venv\\Scripts\\mlagents-learn .\\Assets\\config\\moveConfig.yaml --run-id=Parameters_Move2",
        "mlagents_version": "0.29.0",
        "mlagents_envs_version": "0.29.0",
        "communication_protocol_version": "1.5.0",
        "pytorch_version": "2.0.0+cpu",
        "numpy_version": "1.21.2",
        "end_time_seconds": "1682357649"
    },
    "total": 256.57747789999996,
    "count": 1,
    "self": 10.008271199999939,
    "children": {
        "run_training.setup": {
            "total": 0.2015867,
            "count": 1,
            "self": 0.2015867
        },
        "TrainerController.start_learning": {
            "total": 246.36762000000002,
            "count": 1,
            "self": 0.19032319999917036,
            "children": {
                "TrainerController._reset_env": {
                    "total": 9.0318814,
                    "count": 1,
                    "self": 9.0318814
                },
                "TrainerController.advance": {
                    "total": 236.82011060000085,
                    "count": 7763,
                    "self": 0.1684834000026001,
                    "children": {
                        "env_step": {
                            "total": 80.91984049999928,
                            "count": 7763,
                            "self": 72.42170499999966,
                            "children": {
                                "SubprocessEnvManager._take_step": {
                                    "total": 8.39209949999981,
                                    "count": 7763,
                                    "self": 0.3708974999992183,
                                    "children": {
                                        "TorchPolicy.evaluate": {
                                            "total": 8.021202000000592,
                                            "count": 5727,
                                            "self": 2.1083141000007863,
                                            "children": {
                                                "TorchPolicy.sample_actions": {
                                                    "total": 5.912887899999806,
                                                    "count": 5727,
                                                    "self": 5.912887899999806
                                                }
                                            }
                                        }
                                    }
                                },
                                "workers": {
                                    "total": 0.10603599999980773,
                                    "count": 7762,
                                    "self": 0.0,
                                    "children": {
                                        "worker_root": {
                                            "total": 233.44442620000063,
                                            "count": 7762,