{
    "name": "root",
    "gauges": {
        "Move.Policy.Entropy.mean": {
            "value": 1.5768059492111206,
            "min": 1.1380512714385986,
            "max": 1.7179917097091675,
            "count": 22
        },
        "Move.Policy.Entropy.sum": {
            "value": 15862.66796875,
            "min": 11721.927734375,
            "max": 17541.6015625,
            "count": 22
        },
        "Move.Environment.EpisodeLength.mean": {
            "value": 19.80777537796976,
            "min": 7.541446208112875,
            "max": 19.80777537796976,
            "count": 22
        },
        "Move.Environment.EpisodeLength.sum": {
            "value": 9171.0,
            "min": 8552.0,
            "max": 10103.0,
            "count": 22
        },
        "Move.Step.mean": {
            "value": 219978.0,
            "min": 9985.0,
            "max": 219978.0,
            "count": 22
        },
        "Move.Step.sum": {
            "value": 219978.0,
            "min": 9985.0,
            "max": 219978.0,
            "count": 22
        },
        "Move.Policy.ExtrinsicValueEstimate.mean": {
            "value": 2.9866697788238525,
            "min": 2.2510762214660645,
            "max": 8.716270446777344,
            "count": 22
        },
        "Move.Policy.ExtrinsicValueEstimate.sum": {
            "value": 1573.9749755859375,
            "min": 1465.45068359375,
            "max": 9953.98046875,
            "count": 22
        },
        "Move.Environment.CumulativeReward.mean": {
            "value": 2.850995710183834,
            "min": 1.5984575025336993,
            "max": 7.679149040582426,
            "count": 22
        },
        "Move.Environment.CumulativeReward.sum": {
            "value": 1322.862009525299,
            "min": 922.3099789619446,
            "max": 8700.475862979889,
            "count": 22
        },
        "Move.Policy.ExtrinsicReward.mean": {
            "value": 2.850995710183834,
            "min": 1.5984575025336993,
            "max": 7.679149040582426,
            "count": 22
        },
        "Move.Policy.ExtrinsicReward.sum": {
            "value": 1322.862009525299,
            "min": 922.3099789619446,
            "max": 8700.475862979889,
            "count": 22
        },
        "Move.Losses.PolicyLoss.mean": {
            "value": 0.24146815665351484,
            "min": 0.23275851344995896,
            "max": 0.2461413466170306,
            "count": 22
        },
        "Move.Losses.PolicyLoss.sum": {
            "value": 19.800388845588216,
            "min": 18.553316121910942,
            "max": 21.88944445295024,
            "count": 22
        },
        "Move.Losses.ValueLoss.mean": {
            "value": 58.93621178088864,
            "min": 50.82873558691216,
            "max": 111.65373994688423,
            "count": 22
        },
        "Move.Losses.ValueLoss.sum": {
            "value": 4832.769366032869,
            "min": 4015.470111366061,
            "max": 9937.182855272697,
            "count": 22
        },
        "Move.Policy.LearningRate.mean": {
            "value": 0.000287102754786888,
            "min": 0.000287102754786888,
            "max": 0.00029970290600812226,
            "count": 22
        },
        "Move.Policy.LearningRate.sum": {
            "value": 0.023542425892524817,
            "min": 0.022486574104475396,
            "max": 0.026566246544584494,
            "count": 22
        },
        "Move.Policy.Epsilon.mean": {
            "value": 0.1957009168292683,
            "min": 0.1957009168292683,
            "max": 0.19990096863636364,
            "count": 22
        },
        "Move.Policy.Epsilon.sum": {
            "value": 16.04747518,
            "min": 15.2955246,
            "max": 17.7554155,
            "count": 22
        },
        "Move.Policy.Beta.mean": {
            "value": 0.0005000000000000001,
            "min": 0.0005000000000000001,
            "max": 0.0005000000000000001,
            "count": 22
        },
        "Move.Policy.Beta.sum": {
            "value": 0.04100000000000001,
            "min": 0.03900000000000001,
            "max": 0.04450000000000001,
            "count": 22
        },
        "Move.IsTraining.mean": {
            "value": 1.0,
            "min": 1.0,
            "max": 1.0,
            "count": 22
        },
        "Move.IsTraining.sum": {
            "value": 1.0,
            "min": 1.0,
            "max": 1.0,
            "count": 22
        }
    },
    "metadata": {
        "timer_format_version": "0.1.0",
        "start_time_seconds": "1682371377",
        "python_version": "3.8.10 (tags/v3.8.10:3d8993a, May  3 2021, 11:48:03) [MSC v.1928 64 bit (AMD64)]",
        "command_line_arguments": "D:\\unibuc\\OneDrive - unibuc.ro\\Anul3\\Sem2\\PAS\\Proiect\\venv\\Scripts\\mlagents-learn .\\Assets\\config\\moveConfig.yaml --initialize-from=Parameters_Move5 --run-id=Parameters_Move9",
        "mlagents_version": "0.29.0",
        "mlagents_envs_version": "0.29.0",
        "communication_protocol_version": "1.5.0",
        "pytorch_version": "2.0.0+cpu",
        "numpy_version": "1.21.2",
        "end_time_seconds": "1682372009"
    },
    "total": 632.1928915999999,
    "count": 1,
    "self": 0.008042699999919023,
    "children": {
        "run_training.setup": {
            "total": 0.1892552000000003,
            "count": 1,
            "self": 0.1892552000000003
        },
        "TrainerController.start_learning": {
            "total": 631.9955937,
            "count": 1,
            "self": 0.6048900999974194,
            "children": {
                "TrainerController._reset_env": {
                    "total": 11.4033427,
                    "count": 1,
                    "self": 11.4033427
                },
                "TrainerController.advance": {
                    "total": 619.6425909000026,
                    "count": 23083,
                    "self": 0.5109180999985483,
                    "children": {
                        "env_step": {
                            "total": 304.8073488000018,
                            "count": 23083,
                            "self": 288.7178564000045,
                            "children": {
                                "SubprocessEnvManager._take_step": {
                                    "total": 15.765261100001005,
                                    "count": 23083,
                                    "self": 0.7810860000030644,
                                    "children": {
                                        "TorchPolicy.evaluate": {
                                            "total": 14.984175099997941,
                                            "count": 11081,
                                            "self": 3.84812919999748,
                                            "children": {
                                                "TorchPolicy.sample_actions": {
                                                    "total": 11.136045900000461,
                                                    "count": 11081,
                                                    "self": 11.136045900000461
                                                }
                                            }
                                        }
                                    }
                                },
                                "workers": {
                                    "total": 0.3242312999963275,
                                    "count": 23082,
                                    "self": 0.0,
                                    "children": {
                                        "worker_root": {
                                            "total": 562.1537773000049,