{
    "name": "root",
    "gauges": {
        "Move.Policy.Entropy.mean": {
            "value": 1.2938604354858398,
            "min": 1.273857593536377,
            "max": 1.8310993909835815,
            "count": 50
        },
        "Move.Policy.Entropy.sum": {
            "value": 13223.25390625,
            "min": 12603.4296875,
            "max": 18420.859375,
            "count": 50
        },
        "Move.Environment.EpisodeLength.mean": {
            "value": 7.981916817359855,
            "min": 4.633652222847496,
            "max": 14.56786271450858,
            "count": 50
        },
        "Move.Environment.EpisodeLength.sum": {
            "value": 8828.0,
            "min": 8139.0,
            "max": 9754.0,
            "count": 50
        },
        "Move.Step.mean": {
            "value": 499996.0,
            "min": 9998.0,
            "max": 499996.0,
            "count": 50
        },
        "Move.Step.sum": {
            "value": 499996.0,
            "min": 9998.0,
            "max": 499996.0,
            "count": 50
        },
        "Move.Policy.ExtrinsicValueEstimate.mean": {
            "value": 4.40687894821167,
            "min": -3.690152406692505,
            "max": 5.679281234741211,
            "count": 50
        },
        "Move.Policy.ExtrinsicValueEstimate.sum": {
            "value": 4918.0771484375,
            "min": -4516.74658203125,
            "max": 5117.0322265625,
            "count": 50
        },
        "Move.Environment.CumulativeReward.mean": {
            "value": 5.084068744997435,
            "min": -3.9029833555221556,
            "max": 5.531320352915644,
            "count": 50
        },
        "Move.Environment.CumulativeReward.sum": {
            "value": 5622.980031967163,
            "min": -5220.380029678345,
            "max": 5622.980031967163,
            "count": 50
        },
        "Move.Policy.ExtrinsicReward.mean": {
            "value": 5.084068744997435,
            "min": -3.9029833555221556,
            "max": 5.531320352915644,
            "count": 50
        },
        "Move.Policy.ExtrinsicReward.sum": {
            "value": 5622.980031967163,
            "min": -5220.380029678345,
            "max": 5622.980031967163,
            "count": 50
        },
        "Move.Losses.PolicyLoss.mean": {
            "value": 0.2444601927529579,
            "min": 0.23581077393184782,
            "max": 0.24854867064066063,
            "count": 50
        },
        "Move.Losses.PolicyLoss.sum": {
            "value": 21.756957155013254,
            "min": 19.791553258614226,
            "max": 22.607230404926003,
            "count": 50
        },
        "Move.Losses.ValueLoss.mean": {
            "value": 100.84856417606248,
            "min": 45.86990836543003,
            "max": 150.495559999042,
            "count": 50
        },
        "Move.Losses.ValueLoss.sum": {
            "value": 8975.52221166956,
            "min": 3761.332485965262,
            "max": 13845.591519911864,
            "count": 50
        },
        "Move.Policy.LearningRate.mean": {
            "value": 3.01981809455056e-06,
            "min": 3.01981809455056e-06,
            "max": 0.0002970165596901326,
            "count": 50
        },
        "Move.Policy.LearningRate.sum": {
            "value": 0.00026876381041499985,
            "min": 0.00026876381041499985,
            "max": 0.0273255234914922,
            "count": 50
        },
        "Move.Policy.Epsilon.mean": {
            "value": 0.10100657303370786,
            "min": 0.10100657303370786,
            "max": 0.19900551956521745,
            "count": 50
        },
        "Move.Policy.Epsilon.sum": {
            "value": 8.989585,
            "min": 8.987520400000003,
            "max": 18.308507800000005,
            "count": 50
        },
        "Move.Policy.Beta.mean": {
            "value": 0.0005000000000000001,
            "min": 0.0005000000000000001,
            "max": 0.0005000000000000001,
            "count": 50
        },
        "Move.Policy.Beta.sum": {
            "value": 0.04450000000000001,
            "min": 0.04100000000000001,
            "max": 0.04600000000000001,
            "count": 50
        },
        "Move.IsTraining.mean": {
            "value": 1.0,
            "min": 1.0,
            "max": 1.0,
            "count": 50
        },
        "Move.IsTraining.sum": {
            "value": 1.0,
            "min": 1.0,
            "max": 1.0,
            "count": 50
        }
    },
    "metadata": {
        "timer_format_version": "0.1.0",
        "start_time_seconds": "1682363983",
        "python_version": "3.8.10 (tags/v3.8.10:3d8993a, May  3 2021, 11:48:03) [MSC v.1928 64 bit (AMD64)]",
        "command_line_arguments": "D:\\unibuc\\OneDrive - unibuc.ro\\Anul3\\Sem2\\PAS\\Proiect\\venv\\Scripts\\mlagents-learn .\\Assets\\config\\moveConfig.yaml --initialize-from=Parameters_Move3 --run-id=Parameters_Move4",
        "mlagents_version": "0.29.0",
        "mlagents_envs_version": "0.29.0",
        "communication_protocol_version": "1.5.0",
        "pytorch_version": "2.0.0+cpu",
        "numpy_version": "1.21.2",
        "end_time_seconds": "1682365068"
    },
    "total": 1084.8877994000002,
    "count": 1,
    "self": 0.012538100000256236,
    "children": {
        "run_training.setup": {
            "total": 0.19572379999999967,
            "count": 1,
            "self": 0.19572379999999967
        },
        "TrainerController.start_learning": {
            "total": 1084.6795375,
            "count": 1,
            "self": 1.4275362999876506,
            "children": {
                "TrainerController._reset_env": {
                    "total": 11.752151000000001,
                    "count": 1,
                    "self": 11.752151000000001
                },
                "TrainerController.advance": {
                    "total": 1071.2544393000123,
                    "count": 60383,
                    "self": 1.2003146000051856,
                    "children": {
                        "env_step": {
                            "total": 398.4198083000015,
                            "count": 60383,
                            "self": 364.9228131000117,
                            "children": {
                                "SubprocessEnvManager._take_step": {
                                    "total": 32.732512500001356,
                                    "count": 60383,
                                    "self": 1.6818156999968146,
                                    "children": {
                                        "TorchPolicy.evaluate": {
                                            "total": 31.05069680000454,
                                            "count": 25017,
                                            "self": 7.735352800003707,
                                            "children": {
                                                "TorchPolicy.sample_actions": {
                                                    "total": 23.315344000000835,
                                                    "count": 25017,
                                                    "self": 23.315344000000835
                                                }
                                            }
                                        }
                                    }
                                },
                                "workers": {
                                    "total": 0.7644826999884202,
                                    "count": 60383,
                                    "self": 0.0,
                                    "children": {
                                        "worker_root": {
                                            "total": 1071.1103252999874,
                                            "count": 60383,
                                            "is_parallel": true,