{
    "name": "root",
    "gauges": {
        "Move.Policy.Entropy.mean": {
            "value": 1.1366244554519653,
            "min": 1.1347516775131226,
            "max": 1.5212122201919556,
            "count": 50
        },
        "Move.Policy.Entropy.sum": {
            "value": 11388.9775390625,
            "min": 11256.736328125,
            "max": 15210.17578125,
            "count": 50
        },
        "Move.Environment.EpisodeLength.mean": {
            "value": 7.254125412541254,
            "min": 5.749830508474576,
            "max": 12.313333333333333,
            "count": 50
        },
        "Move.Environment.EpisodeLength.sum": {
            "value": 8792.0,
            "min": 8167.0,
            "max": 9854.0,
            "count": 50
        },
        "Move.Step.mean": {
            "value": 499989.0,
            "min": 9988.0,
            "max": 499989.0,
            "count": 50
        },
        "Move.Step.sum": {
            "value": 499989.0,
            "min": 9988.0,
            "max": 499989.0,
            "count": 50
        },
        "Move.Policy.ExtrinsicValueEstimate.mean": {
            "value": 6.177775859832764,
            "min": 0.48035889863967896,
            "max": 8.187150955200195,
            "count": 50
        },
        "Move.Policy.ExtrinsicValueEstimate.sum": {
            "value": 7481.28662109375,
            "min": 457.78204345703125,
            "max": 9292.416015625,
            "count": 50
        },
        "Move.Environment.CumulativeReward.mean": {
            "value": 5.928736615043155,
            "min": -0.11862983492856526,
            "max": 8.307051556995452,
            "count": 50
        },
        "Move.Environment.CumulativeReward.sum": {
            "value": 7179.700040817261,
            "min": -107.36000061035156,
            "max": 9353.74005317688,
            "count": 50
        },
        "Move.Policy.ExtrinsicReward.mean": {
            "value": 5.928736615043155,
            "min": -0.11862983492856526,
            "max": 8.307051556995452,
            "count": 50
        },
        "Move.Policy.ExtrinsicReward.sum": {
            "value": 7179.700040817261,
            "min": -107.36000061035156,
            "max": 9353.74005317688,
            "count": 50
        },
        "Move.Losses.PolicyLoss.mean": {
            "value": 0.24474045240568126,
            "min": 0.23594644542982646,
            "max": 0.24615372778000064,
            "count": 50
        },
        "Move.Losses.PolicyLoss.sum": {
            "value": 22.026640716511313,
            "min": 19.131857748646475,
            "max": 22.34230637123971,
            "count": 50
        },
        "Move.Losses.ValueLoss.mean": {
            "value": 92.26087085200815,
            "min": 59.36355792714459,
            "max": 105.80080329900234,
            "count": 50
        },
        "Move.Losses.ValueLoss.sum": {
            "value": 8303.478376680734,
            "min": 4689.721076244423,
            "max": 9416.271493611208,
            "count": 50
        },
        "Move.Policy.LearningRate.mean": {
            "value": 3.0033189989266682e-06,
            "min": 3.0033189989266682e-06,
            "max": 0.00029701566099478,
            "count": 50
        },
        "Move.Policy.LearningRate.sum": {
            "value": 0.00027029870990340015,
            "min": 0.00027029870990340015,
            "max": 0.0267314094895302,
            "count": 50
        },
        "Move.Policy.Epsilon.mean": {
            "value": 0.10100107333333334,
            "min": 0.10100107333333334,
            "max": 0.19900522,
            "count": 50
        },
        "Move.Policy.Epsilon.sum": {
            "value": 9.0900966,
            "min": 9.0900966,
            "max": 17.9104698,
            "count": 50
        },
        "Move.Policy.Beta.mean": {
            "value": 0.0005000000000000001,
            "min": 0.0005000000000000001,
            "max": 0.0005000000000000001,
            "count": 50
        },
        "Move.Policy.Beta.sum": {
            "value": 0.04500000000000001,
            "min": 0.03950000000000001,
            "max": 0.04600000000000001,
            "count": 50
        },
        "Move.IsTraining.mean": {
            "value": 1.0,
            "min": 1.0,
            "max": 1.0,
            "count": 50
        },
        "Move.IsTraining.sum": {
            "value": 1.0,
            "min": 1.0,
            "max": 1.0,
            "count": 50
        }
    },
    "metadata": {
        "timer_format_version": "0.1.0",
        "start_time_seconds": "1682365143",
        "python_version": "3.8.10 (tags/v3.8.10:3d8993a, May  3 2021, 11:48:03) [MSC v.1928 64 bit (AMD64)]",
        "command_line_arguments": "D:\\unibuc\\OneDrive - unibuc.ro\\Anul3\\Sem2\\PAS\\Proiect\\venv\\Scripts\\mlagents-learn .\\Assets\\config\\moveConfig.yaml --initialize-from=Parameters_Move4 --run-id=Parameters_Move5",
        "mlagents_version": "0.29.0",
        "mlagents_envs_version": "0.29.0",
        "communication_protocol_version": "1.5.0",
        "pytorch_version": "2.0.0+cpu",
        "numpy_version": "1.21.2",
        "end_time_seconds": "1682366165"
    },
    "total": 1022.1503985,
    "count": 1,
    "self": 0.010418500000014319,
    "children": {
        "run_training.setup": {
            "total": 0.16408040000000002,
            "count": 1,
            "self": 0.16408040000000002
        },
        "TrainerController.start_learning": {
            "total": 1021.9758996,
            "count": 1,
            "self": 1.2771793000057414,
            "children": {
                "TrainerController._reset_env": {
                    "total": 19.775895300000002,
                    "count": 1,
                    "self": 19.775895300000002
                },
                "TrainerController.advance": {
                    "total": 1000.6796742999944,
                    "count": 60998,
                    "self": 1.0881958999984818,
                    "children": {
                        "env_step": {
                            "total": 376.96043079998776,
                            "count": 60998,
                            "self": 345.2655977999779,
                            "children": {
                                "SubprocessEnvManager._take_step": {
                                    "total": 30.973212200010078,
                                    "count": 60998,
                                    "self": 1.5319160999949126,
                                    "children": {
                                        "TorchPolicy.evaluate": {
                                            "total": 29.441296100015165,
                                            "count": 25009,
                                            "self": 7.241935200012982,
                                            "children": {
                                                "TorchPolicy.sample_actions": {
                                                    "total": 22.199360900002183,
                                                    "count": 25009,
                                                    "self": 22.199360900002183
                                                }
                                            }
                                        }
                                    }
                                },
                                "workers": {
                                    "total": 0.7216207999997515,
                                    "count": 60998,
                                    "self": 0.0,