{
    "name": "root",
    "gauges": {
        "Move.Policy.Entropy.mean": {
            "value": -0.9486104249954224,
            "min": -1.1036242246627808,
            "max": -0.1228984147310257,
            "count": 150
        },
        "Move.Policy.Entropy.sum": {
            "value": -9426.341796875,
            "min": -11071.55859375,
            "max": -1232.9168701171875,
            "count": 150
        },
        "Move.Environment.EpisodeLength.mean": {
            "value": 193.76,
            "min": 111.71264367816092,
            "max": 199.0,
            "count": 150
        },
        "Move.Environment.EpisodeLength.sum": {
            "value": 9688.0,
            "min": 8270.0,
            "max": 10941.0,
            "count": 150
        },
        "Move.Step.mean": {
            "value": 1499996.0,
            "min": 9982.0,
            "max": 1499996.0,
            "count": 150
        },
        "Move.Step.sum": {
            "value": 1499996.0,
            "min": 9982.0,
            "max": 1499996.0,
            "count": 150
        },
        "Move.Policy.ExtrinsicValueEstimate.mean": {
            "value": -160.2111358642578,
            "min": -1104.20068359375,
            "max": 16.525251388549805,
            "count": 150
        },
        "Move.Policy.ExtrinsicValueEstimate.sum": {
            "value": -32042.2265625,
            "min": -231882.140625,
            "max": 3387.676513671875,
            "count": 150
        },
        "Move.Environment.CumulativeReward.mean": {
            "value": -368.936455078125,
            "min": -998.307834999234,
            "max": 0.0,
            "count": 150
        },
        "Move.Environment.CumulativeReward.sum": {
            "value": -18446.82275390625,
            "min": -50913.69958496094,
            "max": 0.0,
            "count": 150
        },
        "Move.Policy.ExtrinsicReward.mean": {
            "value": -368.936455078125,
            "min": -998.307834999234,
            "max": 0.0,
            "count": 150
        },
        "Move.Policy.ExtrinsicReward.sum": {
            "value": -18446.82275390625,
            "min": -50913.69958496094,
            "max": 0.0,
            "count": 150
        },
        "Move.Losses.PolicyLoss.mean": {
            "value": 0.2405320746856593,
            "min": 0.23528370934672693,
            "max": 0.28032281940130105,
            "count": 150
        },
        "Move.Losses.PolicyLoss.sum": {
            "value": 16.356181078624832,
            "min": 6.8588194309174995,
            "max": 19.902920177492376,
            "count": 150
        },
        "Move.Losses.ValueLoss.mean": {
            "value": 199268.0009859968,
            "min": 151.4634053911312,
            "max": 468698.1929150861,
            "count": 150
        },
        "Move.Losses.ValueLoss.sum": {
            "value": 13550224.067047782,
            "min": 10753.901782770316,
            "max": 34683666.27571637,
            "count": 150
        },
        "Move.Policy.LearningRate.mean": {
            "value": 1.0239437763656858e-06,
            "min": 1.0239437763656858e-06,
            "max": 0.0002987903004032333,
            "count": 150
        },
        "Move.Policy.LearningRate.sum": {
            "value": 6.962817679286663e-05,
            "min": 6.962817679286663e-05,
            "max": 0.020924599325133728,
            "count": 150
        },
        "Move.Policy.Epsilon.mean": {
            "value": 0.10034128137254902,
            "min": 0.10034128137254902,
            "max": 0.19959676666666665,
            "count": 150
        },
        "Move.Policy.Epsilon.sum": {
            "value": 6.823207133333334,
            "min": 5.588709466666666,
            "max": 14.474866266666666,
            "count": 150
        },
        "Move.Policy.Beta.mean": {
            "value": 0.0005,
            "min": 0.0005,
            "max": 0.0005000000000000001,
            "count": 150
        },
        "Move.Policy.Beta.sum": {
            "value": 0.034,
            "min": 0.014000000000000002,
            "max": 0.038000000000000006,
            "count": 150
        },
        "Move.IsTraining.mean": {
            "value": 1.0,
            "min": 1.0,
            "max": 1.0,
            "count": 150
        },
        "Move.IsTraining.sum": {
            "value": 1.0,
            "min": 1.0,
            "max": 1.0,
            "count": 150
        }
    },
    "metadata": {
        "timer_format_version": "0.1.0",
        "start_time_seconds": "1684595645",
        "python_version": "3.7.9 (tags/v3.7.9:13c94747c7, Aug 17 2020, 18:58:18) [MSC v.1900 64 bit (AMD64)]",
        "command_line_arguments": "E:\\Faculta\\Simulation\\Proiect-Simulare\\venv\\Scripts\\mlagents-learn config/moveToGoal.yaml --initialize-from=TestParamsi13 --run-id=TestParamsi14 --time-scale=50",
        "mlagents_version": "0.29.0",
        "mlagents_envs_version": "0.29.0",
        "communication_protocol_version": "1.5.0",
        "pytorch_version": "1.7.1+cu110",
        "numpy_version": "1.21.2",
        "end_time_seconds": "1684601515"
    },
    "total": 5869.6520706,
    "count": 1,
    "self": 0.008208500000364438,
    "children": {
        "run_training.setup": {
            "total": 0.08809230000000001,
            "count": 1,
            "self": 0.08809230000000001
        },
        "TrainerController.start_learning": {
            "total": 5869.555769799999,
            "count": 1,
            "self": 1.6101977000334955,
            "children": {
                "TrainerController._reset_env": {
                    "total": 8.486002299999999,
                    "count": 1,
                    "self": 8.486002299999999
                },
                "TrainerController.advance": {
                    "total": 5859.3932996999665,
                    "count": 85559,
                    "self": 1.6404076002354486,
                    "children": {
                        "env_step": {
                            "total": 758.8677863998071,
                            "count": 85559,
                            "self": 476.9640405996707,
                            "children": {
                                "SubprocessEnvManager._take_step": {
                                    "total": 280.9785489000058,
                                    "count": 85559,
                                    "self": 4.479159400075162,
                                    "children": {
                                        "TorchPolicy.evaluate": {
                                            "total": 276.49938949993066,
                                            "count": 78975,
                                            "self": 96.94161800000632,
                                            "children": {
                                                "TorchPolicy.sample_actions": {
                                                    "total": 179.55777149992434,
                                                    "count": 78975,
                                                    "self": 179.55777149992434
                                                }
                                            }
                                        }
                                    }
                                },
                                "workers": {
                                    "total": 0.9251969001305564,
                                    "count": 85559,
                                    "self": 0.0,
                                    "children": {
                                        "worker_root": {
                                            "total": 5860.091441400027,
                                            "count": 85559,
                                            "is_parallel": true,
                                            "self": 5482.127456800036,