{
    "name": "root",
    "gauges": {
        "Move.Policy.Entropy.mean": {
            "value": 1.2938085794448853,
            "min": 1.166001319885254,
            "max": 1.2938085794448853,
            "count": 4
        },
        "Move.Policy.Entropy.sum": {
            "value": 12886.333984375,
            "min": 11655.0,
            "max": 12886.333984375,
            "count": 4
        },
        "Move.Environment.EpisodeLength.mean": {
            "value": 14.907575757575758,
            "min": 7.4941176470588236,
            "max": 14.907575757575758,
            "count": 4
        },
        "Move.Environment.EpisodeLength.sum": {
            "value": 9839.0,
            "min": 8281.0,
            "max": 9839.0,
            "count": 4
        },
        "Move.Step.mean": {
            "value": 39974.0,
            "min": 9987.0,
            "max": 39974.0,
            "count": 4
        },
        "Move.Step.sum": {
            "value": 39974.0,
            "min": 9987.0,
            "max": 39974.0,
            "count": 4
        },
        "Move.Policy.ExtrinsicValueEstimate.mean": {
            "value": -12.882587432861328,
            "min": -12.882587432861328,
            "max": -9.235868453979492,
            "count": 4
        },
        "Move.Policy.ExtrinsicValueEstimate.sum": {
            "value": -9378.5234375,
            "min": -10390.3515625,
            "max": -8787.89453125,
            "count": 4
        },
        "Move.Environment.CumulativeReward.mean": {
            "value": -13.508282641208533,
            "min": -13.508282641208533,
            "max": -9.683118316574372,
            "count": 4
        },
        "Move.Environment.CumulativeReward.sum": {
            "value": -8915.466543197632,
            "min": -10690.162621498108,
            "max": -8236.197156906128,
            "count": 4
        },
        "Move.Policy.ExtrinsicReward.mean": {
            "value": -13.508282641208533,
            "min": -13.508282641208533,
            "max": -9.683118316574372,
            "count": 4
        },
        "Move.Policy.ExtrinsicReward.sum": {
            "value": -8915.466543197632,
            "min": -10690.162621498108,
            "max": -8236.197156906128,
            "count": 4
        },
        "Move.Losses.PolicyLoss.mean": {
            "value": 0.2404558648640329,
            "min": 0.23789841247801943,
            "max": 0.24494213857330802,
            "count": 4
        },
        "Move.Losses.PolicyLoss.sum": {
            "value": 19.95783678371473,
            "min": 19.350428947291334,
            "max": 20.69716188558769,
            "count": 4
        },
        "Move.Losses.ValueLoss.mean": {
            "value": 58.86203913601528,
            "min": 58.86203913601528,
            "max": 145.4075180230493,
            "count": 4
        },
        "Move.Losses.ValueLoss.sum": {
            "value": 4885.549248289268,
            "min": 4885.549248289268,
            "max": 12650.454068005289,
            "count": 4
        },
        "Move.Policy.LearningRate.mean": {
            "value": 0.0002978935257623992,
            "min": 0.0002978935257623992,
            "max": 0.00029970094699623606,
            "count": 4
        },
        "Move.Policy.LearningRate.sum": {
            "value": 0.024725162638279133,
            "min": 0.023582260839246392,
            "max": 0.026073982388672538,
            "count": 4
        },
        "Move.Policy.Epsilon.mean": {
            "value": 0.199297841686747,
            "min": 0.199297841686747,
            "max": 0.19990031563218394,
            "count": 4
        },
        "Move.Policy.Epsilon.sum": {
            "value": 16.54172086,
            "min": 15.760753600000001,
            "max": 17.391327460000003,
            "count": 4
        },
        "Move.Policy.Beta.mean": {
            "value": 0.0005000000000000001,
            "min": 0.0005000000000000001,
            "max": 0.0005000000000000001,
            "count": 4
        },
        "Move.Policy.Beta.sum": {
            "value": 0.04150000000000001,
            "min": 0.03950000000000001,
            "max": 0.04350000000000001,
            "count": 4
        },
        "Move.IsTraining.mean": {
            "value": 1.0,
            "min": 1.0,
            "max": 1.0,
            "count": 4
        },
        "Move.IsTraining.sum": {
            "value": 1.0,
            "min": 1.0,
            "max": 1.0,
            "count": 4
        }
    },
    "metadata": {
        "timer_format_version": "0.1.0",
        "start_time_seconds": "1682373058",
        "python_version": "3.8.10 (tags/v3.8.10:3d8993a, May  3 2021, 11:48:03) [MSC v.1928 64 bit (AMD64)]",
        "command_line_arguments": "D:\\unibuc\\OneDrive - unibuc.ro\\Anul3\\Sem2\\PAS\\Proiect\\venv\\Scripts\\mlagents-learn .\\Assets\\config\\moveConfig.yaml --initialize-from=Parameters_Move5 --run-id=Parameters_Move10",
        "mlagents_version": "0.29.0",
        "mlagents_envs_version": "0.29.0",
        "communication_protocol_version": "1.5.0",
        "pytorch_version": "2.0.0+cpu",
        "numpy_version": "1.21.2",
        "end_time_seconds": "1682373233"
    },
    "total": 175.2994312,
    "count": 1,
    "self": 0.012447699999967199,
    "children": {
        "run_training.setup": {
            "total": 0.1885110000000001,
            "count": 1,
            "self": 0.1885110000000001
        },
        "TrainerController.start_learning": {
            "total": 175.0984725,
            "count": 1,
            "self": 0.10870879999973226,
            "children": {
                "TrainerController._reset_env": {
                    "total": 8.8267314,
                    "count": 1,
                    "self": 8.8267314
                },
                "TrainerController.advance": {
                    "total": 165.79795370000028,
                    "count": 4319,
                    "self": 0.09625780000035888,
                    "children": {
                        "env_step": {
                            "total": 106.16578840000007,
                            "count": 4319,
                            "self": 103.15071039999998,
                            "children": {
                                "SubprocessEnvManager._take_step": {
                                    "total": 2.955358900000096,
                                    "count": 4319,
                                    "self": 0.15177739999979778,
                                    "children": {
                                        "TorchPolicy.evaluate": {
                                            "total": 2.8035815000002984,
                                            "count": 2027,
                                            "self": 0.7046728000001199,
                                            "children": {
                                                "TorchPolicy.sample_actions": {
                                                    "total": 2.0989087000001785,
                                                    "count": 2027,
                                                    "self": 2.0989087000001785
                                                }
                                            }
                                        }
                                    }
                                },
                                "workers": {
                                    "total": 0.05971909999999525,
                                    "count": 4318,
                                    "self": 0.0,
                                    "children": {
                                        "worker_root": {
                                            "total": 101.89762549999988,