{
    "name": "root",
    "metadata": {
        "timer_format_version": "0.1.0",
        "start_time_seconds": "1682273087",
        "python_version": "3.8.10 (tags/v3.8.10:3d8993a, May  3 2021, 11:48:03) [MSC v.1928 64 bit (AMD64)]",
        "command_line_arguments": "D:\\unibuc\\OneDrive - unibuc.ro\\Anul3\\Sem2\\PAS\\Proiect\\venv\\Scripts\\mlagents-learn",
        "mlagents_version": "0.29.0",
        "mlagents_envs_version": "0.29.0",
        "communication_protocol_version": "1.5.0",
        "pytorch_version": "2.0.0+cpu",
        "numpy_version": "1.21.2",
        "end_time_seconds": "1682273196"
    },
    "total": 109.9603233,
    "count": 1,
    "self": 0.010644900000002622,
    "children": {
        "run_training.setup": {
            "total": 0.1389184000000001,
            "count": 1,
            "self": 0.1389184000000001
        },
        "TrainerController.start_learning": {
            "total": 109.81076,
            "count": 1,
            "self": 0.02859039999989932,
            "children": {
                "TrainerController._reset_env": {
                    "total": 34.5781851,
                    "count": 1,
                    "self": 34.5781851
                },
                "TrainerController.advance": {
                    "total": 75.0277137000001,
                    "count": 1467,
                    "self": 0.027413999999993166,
                    "children": {
                        "env_step": {
                            "total": 74.85681479999998,
                            "count": 1467,
                            "self": 73.35425230000016,
                            "children": {
                                "SubprocessEnvManager._take_step": {
                                    "total": 1.4844074999999037,
                                    "count": 1467,
                                    "self": 0.06794009999980943,
                                    "children": {
                                        "TorchPolicy.evaluate": {
                                            "total": 1.4164674000000943,
                                            "count": 1467,
                                            "self": 0.4243258000002399,
                                            "children": {
                                                "TorchPolicy.sample_actions": {
                                                    "total": 0.9921415999998544,
                                                    "count": 1467,
                                                    "self": 0.9921415999998544
                                                }
                                            }
                                        }
                                    }
                                },
                                "workers": {
                                    "total": 0.01815499999992909,
                                    "count": 1466,
                                    "self": 0.0,
                                    "children": {
                                        "worker_root": {
                                            "total": 12.160063099999995,
                                            "count": 1466,
                                            "is_parallel": true,
                                            "self": 3.0697952999999814,
                                            "children": {
                                                "steps_from_proto": {
                                                    "total": 0.0004289999999969041,
                                                    "count": 1,
                                                    "is_parallel": true,
                                                    "self": 0.00023819999999830088,
                                                    "children": {
                                                        "_process_rank_one_or_two_observation": {
                                                            "total": 0.0001907999999986032,
                                                            "count": 2,
                                                            "is_parallel": true,
                                                            "self": 0.0001907999999986032
                                                        }
                                                    }
                                                },
                                                "UnityEnvironment.step": {
                                                    "total": 9.089838800000017,
                                                    "count": 1466,
                                                    "is_parallel": true,
                                                    "self": 0.10871629999992649,
                                                    "children": {
                                                        "UnityEnvironment._generate_step_input": {
                                                            "total": 0.09331360000004452,
                                                            "count": 1466,
                                                            "is_parallel": true,
                                                            "self": 0.09331360000004452
                                                        },
                                                        "communicator.exchange": {
                                                            "total": 8.483042799999993,
                                                            "count": 1466,
                                                            "is_parallel": true,
                                                            "self": 8.483042799999993
                                                        },
                                                        "steps_from_proto": {
                                                            "total": 0.4047661000000531,
                                                            "count": 1466,
                                                            "is_parallel": true,
                                                            "self": 0.2524844000000712,
                                                            "children": {
                                                                "_process_rank_one_or_two_observation": {
                                                                    "total": 0.15228169999998187,
                                                                    "count": 2932,
                                                                    "is_parallel": true,
                                                                    "self": 0.15228169999998187
                                                                }
                                                            }
                                                        }
                                                    }
                                                }
                                            }
                                        }
                                    }
                                }
                            }
                        },
                        "trainer_advance": {
                            "total": 0.14348490000013214,
                            "count": 1466,
                            "self": 0.036968400000155555,
                            "children": {
                                "process_trajectory": {
                                    "total": 0.10651649999997659,
                                    "count": 1466,
                                    "self": 0.10651649999997659
                                }
                            }
                        }
                    }
                },