{
    "name": "root",
    "metadata": {
        "timer_format_version": "0.1.0",
        "start_time_seconds": "1682275056",
        "python_version": "3.8.10 (tags/v3.8.10:3d8993a, May  3 2021, 11:48:03) [MSC v.1928 64 bit (AMD64)]",
        "command_line_arguments": "D:\\unibuc\\OneDrive - unibuc.ro\\Anul3\\Sem2\\PAS\\Proiect\\venv\\Scripts\\mlagents-learn --run-id=Test3",
        "mlagents_version": "0.29.0",
        "mlagents_envs_version": "0.29.0",
        "communication_protocol_version": "1.5.0",
        "pytorch_version": "2.0.0+cpu",
        "numpy_version": "1.21.2",
        "end_time_seconds": "1682275161"
    },
    "total": 105.6501483,
    "count": 1,
    "self": 18.988175800000008,
    "children": {
        "run_training.setup": {
            "total": 0.0999355000000004,
            "count": 1,
            "self": 0.0999355000000004
        },
        "TrainerController.start_learning": {
            "total": 86.56203699999999,
            "count": 1,
            "self": 0.23248420000004444,
            "children": {
                "TrainerController._reset_env": {
                    "total": 9.5041675,
                    "count": 1,
                    "self": 9.5041675
                },
                "TrainerController.advance": {
                    "total": 76.45047569999996,
                    "count": 11160,
                    "self": 0.21861529999979723,
                    "children": {
                        "env_step": {
                            "total": 72.70795990000005,
                            "count": 11160,
                            "self": 59.06590379999931,
                            "children": {
                                "SubprocessEnvManager._take_step": {
                                    "total": 13.50430170000058,
                                    "count": 11161,
                                    "self": 0.5372915000011673,
                                    "children": {
                                        "TorchPolicy.evaluate": {
                                            "total": 12.967010199999413,
                                            "count": 10702,
                                            "self": 3.59080809999935,
                                            "children": {
                                                "TorchPolicy.sample_actions": {
                                                    "total": 9.376202100000063,
                                                    "count": 10702,
                                                    "self": 9.376202100000063
                                                }
                                            }
                                        }
                                    }
                                },
                                "workers": {
                                    "total": 0.1377544000001567,
                                    "count": 11159,
                                    "self": 0.0,
                                    "children": {
                                        "worker_root": {
                                            "total": 64.33227279999991,
                                            "count": 11159,
                                            "is_parallel": true,
                                            "self": 27.751284000000204,
                                            "children": {
                                                "steps_from_proto": {
                                                    "total": 0.005211300000000918,
                                                    "count": 2,
                                                    "is_parallel": true,
                                                    "self": 0.002132800000001822,
                                                    "children": {
                                                        "_process_rank_one_or_two_observation": {
                                                            "total": 0.003078499999999096,
                                                            "count": 4,
                                                            "is_parallel": true,
                                                            "self": 0.003078499999999096
                                                        }
                                                    }
                                                },
                                                "UnityEnvironment.step": {
                                                    "total": 36.57577749999971,
                                                    "count": 11159,
                                                    "is_parallel": true,
                                                    "self": 0.8166959999994958,
                                                    "children": {
                                                        "UnityEnvironment._generate_step_input": {
                                                            "total": 0.7449126000001769,
                                                            "count": 11159,
                                                            "is_parallel": true,
                                                            "self": 0.7449126000001769
                                                        },
                                                        "communicator.exchange": {
                                                            "total": 32.02479050000014,
                                                            "count": 11159,
                                                            "is_parallel": true,
                                                            "self": 32.02479050000014
                                                        },
                                                        "steps_from_proto": {
                                                            "total": 2.989378399999902,
                                                            "count": 11159,
                                                            "is_parallel": true,
                                                            "self": 1.859915900000054,
                                                            "children": {
                                                                "_process_rank_one_or_two_observation": {
                                                                    "total": 1.129462499999848,
                                                                    "count": 22318,
                                                                    "is_parallel": true,
                                                                    "self": 1.129462499999848
                                                                }
                                                            }
                                                        }
                                                    }
                                                }
                                            }
                                        }
                                    }
                                }
                            }
                        },
                        "trainer_advance": {
                            "total": 3.523900500000112,
                            "count": 11159,
                            "self": 0.28231070000082603,
                            "children": {
                                "process_trajectory": {
                                    "total": 1.172419199999279,
                                    "count": 11159,